1-2:
zzz@zzz-VirtualBox:~$ pwd
/home/zzz
zzz@zzz-VirtualBox:~$ cat -> homeAnimals
кошки
собаки
хомячки
zzz@zzz-VirtualBox:~$ cat -> packAnimals
лошадки
верблюды
ослы
zz@zzz-VirtualBox:~$ cat homeAnimals packAnimals > manFriends
zzz@zzz-VirtualBox:~$ cat manFriends
кошки
собаки
хомячки
лошадки
верблюды
ослы
zzz@zzz-VirtualBox:~$ mv manFriends FriendsHuman
zzz@zzz-VirtualBox:~$ mkdir newDir
zzz@zzz-VirtualBox:~$ mv FriendsHuman newDir/
zzz@zzz-VirtualBox:~$ tree
├── newDir
│   └── FriendsHuman


3-5:
zzz@zzz-VirtualBox:~$ sudo apt-key adv --keyserver keyserver.ubuntu.com --recv-keys 8C718D3B5072E1F5
Warning: apt-key is deprecated. Manage keyring files in trusted.gpg.d instead (see apt-key(8)).
Executing: /tmp/apt-key-gpghome.3egJoaIcpP/gpg.1.sh --keyserver keyserver.ubuntu.com --recv-keys 8C718D3B5072E1F5
gpg: ключ 8C718D3B5072E1F5: 6 повторных подписей удалено
gpg: ключ 8C718D3B5072E1F5: импортирован открытый ключ "MySQL Release Engineering <mysql-build@oss.oracle.com>"
gpg: Всего обработано: 1
gpg:                   импортировано: 1
zzz@zzz-VirtualBox:~$ sudo add-apt-repository 'deb http://repo/mysql.com/apt/debian buster mysql-8.0'
Репозиторий: 'deb http://repo/mysql.com/apt/debian buster mysql-8.0'
Описание:
Archive for codename: buster components: mysql-8.0
Дополнительные сведения: http://repo/mysql.com/apt/debian
Добавление репозитория.
Нажмите [ENTER] для продолжения или Ctrl-C для отмены.
Adding deb entry to /etc/apt/sources.list.d/archive_uri-http_repo_mysql_com_apt_debian-jammy.list
Adding disabled deb-src entry to /etc/apt/sources.list.d/archive_uri-http_repo_mysql_com_apt_debian-jammy.list
Игн:1 http://repo/mysql.com/apt/debian buster InRelease
Пол:2 http://security.ubuntu.com/ubuntu jammy-security InRelease [110 kB]
Игн:1 http://repo/mysql.com/apt/debian buster InRelease                                 
Игн:1 http://repo/mysql.com/apt/debian buster InRelease                                
Сущ:3 http://ru.archive.ubuntu.com/ubuntu jammy InRelease
Пол:4 http://ru.archive.ubuntu.com/ubuntu jammy-updates InRelease [119 kB]
Сущ:5 http://ru.archive.ubuntu.com/ubuntu jammy-backports InRelease                                                 
Ошб:1 http://repo/mysql.com/apt/debian buster InRelease                                                             
  Временная ошибка при разрешении «repo»
Получено 229 kB за 7с (31,8 kB/s)                                                                                   
Чтение списков пакетов… Готово
W: Не удалось получить http://repo/mysql.com/apt/debian/dists/buster/InRelease  Временная ошибка при разрешении «repo»
W: Некоторые индексные файлы скачать не удалось. Они были проигнорированы, или вместо них были использованы старые версии.
zzz@zzz-VirtualBox:~$ sudo apt update
Игн:1 http://repo/mysql.com/apt/debian buster InRelease
Сущ:2 http://ru.archive.ubuntu.com/ubuntu jammy InRelease
Сущ:3 http://ru.archive.ubuntu.com/ubuntu jammy-updates InRelease
Сущ:4 http://ru.archive.ubuntu.com/ubuntu jammy-backports InRelease                         
Сущ:5 http://security.ubuntu.com/ubuntu jammy-security InRelease                            
Игн:1 http://repo/mysql.com/apt/debian buster InRelease
Игн:1 http://repo/mysql.com/apt/debian buster InRelease
Ошб:1 http://repo/mysql.com/apt/debian buster InRelease
  Временная ошибка при разрешении «repo»
Чтение списков пакетов… Готово
Построение дерева зависимостей… Готово
Чтение информации о состоянии… Готово             
Может быть обновлено 24 пакета. Запустите «apt list --upgradable» для их показа.
W: Не удалось получить http://repo/mysql.com/apt/debian/dists/buster/InRelease  Временная ошибка при разрешении «repo»
W: Некоторые индексные файлы скачать не удалось. Они были проигнорированы, или вместо них были использованы старые версии.
zzz@zzz-VirtualBox:~$ sudo apt install mysql-server
Чтение списков пакетов… Готово
Построение дерева зависимостей… Готово
Чтение информации о состоянии… Готово             
Будут установлены следующие дополнительные пакеты:
  libaio1 libcgi-fast-perl libcgi-pm-perl libevent-core-2.1-7 libevent-pthreads-2.1-7 libfcgi-bin libfcgi-perl
  libfcgi0ldbl libhtml-template-perl libmecab2 libprotobuf-lite23 mecab-ipadic mecab-ipadic-utf8 mecab-utils
  mysql-client-8.0 mysql-client-core-8.0 mysql-common mysql-server-8.0 mysql-server-core-8.0
Предлагаемые пакеты:
  libipc-sharedcache-perl mailx tinyca
Следующие НОВЫЕ пакеты будут установлены:
  libaio1 libcgi-fast-perl libcgi-pm-perl libevent-core-2.1-7 libevent-pthreads-2.1-7 libfcgi-bin libfcgi-perl
  libfcgi0ldbl libhtml-template-perl libmecab2 libprotobuf-lite23 mecab-ipadic mecab-ipadic-utf8 mecab-utils
  mysql-client-8.0 mysql-client-core-8.0 mysql-common mysql-server mysql-server-8.0 mysql-server-core-8.0
Обновлено 0 пакетов, установлено 20 новых пакетов, для удаления отмечено 0 пакетов, и 24 пакетов не обновлено.
Необходимо скачать 29,2 MB архивов.
После данной операции объём занятого дискового пространства возрастёт на 242 MB.
Хотите продолжить? [Д/н] Д
Пол:1 http://ru.archive.ubuntu.com/ubuntu jammy/main amd64 mysql-common all 5.8+1.0.8 [7 212 B]
Пол:2 http://ru.archive.ubuntu.com/ubuntu jammy-updates/main amd64 mysql-client-core-8.0 amd64 8.0.36-0ubuntu0.22.04.1 [2 692 kB]
Пол:3 http://ru.archive.ubuntu.com/ubuntu jammy-updates/main amd64 mysql-client-8.0 amd64 8.0.36-0ubuntu0.22.04.1 [22,7 kB]
Пол:4 http://ru.archive.ubuntu.com/ubuntu jammy/main amd64 libaio1 amd64 0.3.112-13build1 [7 176 B]                 
Пол:5 http://ru.archive.ubuntu.com/ubuntu jammy/main amd64 libevent-core-2.1-7 amd64 2.1.12-stable-1build3 [93,9 kB]
Пол:6 http://ru.archive.ubuntu.com/ubuntu jammy/main amd64 libevent-pthreads-2.1-7 amd64 2.1.12-stable-1build3 [7 642 B]
Пол:7 http://ru.archive.ubuntu.com/ubuntu jammy/main amd64 libmecab2 amd64 0.996-14build9 [199 kB]                  
Пол:8 http://ru.archive.ubuntu.com/ubuntu jammy-updates/main amd64 libprotobuf-lite23 amd64 3.12.4-1ubuntu7.22.04.1 [209 kB]
Пол:9 http://ru.archive.ubuntu.com/ubuntu jammy-updates/main amd64 mysql-server-core-8.0 amd64 8.0.36-0ubuntu0.22.04.1 [17,5 MB]
Пол:10 http://ru.archive.ubuntu.com/ubuntu jammy-updates/main amd64 mysql-server-8.0 amd64 8.0.36-0ubuntu0.22.04.1 [1 437 kB]
Пол:11 http://ru.archive.ubuntu.com/ubuntu jammy/main amd64 libcgi-pm-perl all 4.54-1 [188 kB]                      
Пол:12 http://ru.archive.ubuntu.com/ubuntu jammy/main amd64 libfcgi0ldbl amd64 2.4.2-2build2 [28,0 kB]              
Пол:13 http://ru.archive.ubuntu.com/ubuntu jammy/main amd64 libfcgi-perl amd64 0.82+ds-1build1 [22,8 kB]            
Пол:14 http://ru.archive.ubuntu.com/ubuntu jammy/main amd64 libcgi-fast-perl all 1:2.15-1 [10,5 kB]                 
Пол:15 http://ru.archive.ubuntu.com/ubuntu jammy/main amd64 libfcgi-bin amd64 2.4.2-2build2 [11,2 kB]               
Пол:16 http://ru.archive.ubuntu.com/ubuntu jammy/main amd64 libhtml-template-perl all 2.97-1.1 [59,1 kB]            
Пол:17 http://ru.archive.ubuntu.com/ubuntu jammy/main amd64 mecab-utils amd64 0.996-14build9 [4 850 B]              
Пол:18 http://ru.archive.ubuntu.com/ubuntu jammy/main amd64 mecab-ipadic all 2.7.0-20070801+main-3 [6 718 kB]   
Пол:19 http://ru.archive.ubuntu.com/ubuntu jammy/main amd64 mecab-ipadic-utf8 all 2.7.0-20070801+main-3 [4 384 B]
Пол:20 http://ru.archive.ubuntu.com/ubuntu jammy-updates/main amd64 mysql-server all 8.0.36-0ubuntu0.22.04.1 [9 460 B]
Получено 29,2 MB за 1мин 2с (472 kB/s)                                                                              
Предварительная настройка пакетов …
Выбор ранее не выбранного пакета mysql-common.
(Чтение базы данных … на данный момент установлено 204909 файлов и каталогов.)
Подготовка к распаковке …/0-mysql-common_5.8+1.0.8_all.deb …
Распаковывается mysql-common (5.8+1.0.8) …
Выбор ранее не выбранного пакета mysql-client-core-8.0.
Подготовка к распаковке …/1-mysql-client-core-8.0_8.0.36-0ubuntu0.22.04.1_amd64.deb …
Распаковывается mysql-client-core-8.0 (8.0.36-0ubuntu0.22.04.1) …
Выбор ранее не выбранного пакета mysql-client-8.0.
Подготовка к распаковке …/2-mysql-client-8.0_8.0.36-0ubuntu0.22.04.1_amd64.deb …
Распаковывается mysql-client-8.0 (8.0.36-0ubuntu0.22.04.1) …
Выбор ранее не выбранного пакета libaio1:amd64.
Подготовка к распаковке …/3-libaio1_0.3.112-13build1_amd64.deb …
Распаковывается libaio1:amd64 (0.3.112-13build1) …
Выбор ранее не выбранного пакета libevent-core-2.1-7:amd64.
Подготовка к распаковке …/4-libevent-core-2.1-7_2.1.12-stable-1build3_amd64.deb …
Распаковывается libevent-core-2.1-7:amd64 (2.1.12-stable-1build3) …
Выбор ранее не выбранного пакета libevent-pthreads-2.1-7:amd64.
Подготовка к распаковке …/5-libevent-pthreads-2.1-7_2.1.12-stable-1build3_amd64.deb …
Распаковывается libevent-pthreads-2.1-7:amd64 (2.1.12-stable-1build3) …
Выбор ранее не выбранного пакета libmecab2:amd64.
Подготовка к распаковке …/6-libmecab2_0.996-14build9_amd64.deb …
Распаковывается libmecab2:amd64 (0.996-14build9) …
Выбор ранее не выбранного пакета libprotobuf-lite23:amd64.
Подготовка к распаковке …/7-libprotobuf-lite23_3.12.4-1ubuntu7.22.04.1_amd64.deb …
Распаковывается libprotobuf-lite23:amd64 (3.12.4-1ubuntu7.22.04.1) …
Выбор ранее не выбранного пакета mysql-server-core-8.0.
Подготовка к распаковке …/8-mysql-server-core-8.0_8.0.36-0ubuntu0.22.04.1_amd64.deb …
Распаковывается mysql-server-core-8.0 (8.0.36-0ubuntu0.22.04.1) …
Настраивается пакет mysql-common (5.8+1.0.8) …
update-alternatives: используется /etc/mysql/my.cnf.fallback для предоставления /etc/mysql/my.cnf (my.cnf) в авто
матическом режиме
Выбор ранее не выбранного пакета mysql-server-8.0.
(Чтение базы данных … на данный момент установлено 205133 файла и каталога.)
Подготовка к распаковке …/00-mysql-server-8.0_8.0.36-0ubuntu0.22.04.1_amd64.deb …
Распаковывается mysql-server-8.0 (8.0.36-0ubuntu0.22.04.1) …
Выбор ранее не выбранного пакета libcgi-pm-perl.
Подготовка к распаковке …/01-libcgi-pm-perl_4.54-1_all.deb …
Распаковывается libcgi-pm-perl (4.54-1) …
Выбор ранее не выбранного пакета libfcgi0ldbl:amd64.
Подготовка к распаковке …/02-libfcgi0ldbl_2.4.2-2build2_amd64.deb …
Распаковывается libfcgi0ldbl:amd64 (2.4.2-2build2) …
Выбор ранее не выбранного пакета libfcgi-perl:amd64.
Подготовка к распаковке …/03-libfcgi-perl_0.82+ds-1build1_amd64.deb …
Распаковывается libfcgi-perl:amd64 (0.82+ds-1build1) …
Выбор ранее не выбранного пакета libcgi-fast-perl.
Подготовка к распаковке …/04-libcgi-fast-perl_1%3a2.15-1_all.deb …
Распаковывается libcgi-fast-perl (1:2.15-1) …
Выбор ранее не выбранного пакета libfcgi-bin.
Подготовка к распаковке …/05-libfcgi-bin_2.4.2-2build2_amd64.deb …
Распаковывается libfcgi-bin (2.4.2-2build2) …
Выбор ранее не выбранного пакета libhtml-template-perl.
Подготовка к распаковке …/06-libhtml-template-perl_2.97-1.1_all.deb …
Распаковывается libhtml-template-perl (2.97-1.1) …
Выбор ранее не выбранного пакета mecab-utils.
Подготовка к распаковке …/07-mecab-utils_0.996-14build9_amd64.deb …
Распаковывается mecab-utils (0.996-14build9) …
Выбор ранее не выбранного пакета mecab-ipadic.
Подготовка к распаковке …/08-mecab-ipadic_2.7.0-20070801+main-3_all.deb …
Распаковывается mecab-ipadic (2.7.0-20070801+main-3) …
Выбор ранее не выбранного пакета mecab-ipadic-utf8.
Подготовка к распаковке …/09-mecab-ipadic-utf8_2.7.0-20070801+main-3_all.deb …
Распаковывается mecab-ipadic-utf8 (2.7.0-20070801+main-3) …
Выбор ранее не выбранного пакета mysql-server.
Подготовка к распаковке …/10-mysql-server_8.0.36-0ubuntu0.22.04.1_all.deb …
Распаковывается mysql-server (8.0.36-0ubuntu0.22.04.1) …
Настраивается пакет libmecab2:amd64 (0.996-14build9) …
Настраивается пакет mysql-client-core-8.0 (8.0.36-0ubuntu0.22.04.1) …
Настраивается пакет libfcgi0ldbl:amd64 (2.4.2-2build2) …
Настраивается пакет libcgi-pm-perl (4.54-1) …
Настраивается пакет libfcgi-bin (2.4.2-2build2) …
Настраивается пакет libhtml-template-perl (2.97-1.1) …
Настраивается пакет libprotobuf-lite23:amd64 (3.12.4-1ubuntu7.22.04.1) …
Настраивается пакет mecab-utils (0.996-14build9) …
Настраивается пакет libevent-core-2.1-7:amd64 (2.1.12-stable-1build3) …
Настраивается пакет mysql-client-8.0 (8.0.36-0ubuntu0.22.04.1) …
Настраивается пакет libfcgi-perl:amd64 (0.82+ds-1build1) …
Настраивается пакет libaio1:amd64 (0.3.112-13build1) …
Настраивается пакет libevent-pthreads-2.1-7:amd64 (2.1.12-stable-1build3) …
Настраивается пакет mecab-ipadic (2.7.0-20070801+main-3) …
Compiling IPA dictionary for Mecab.  This takes long time...
reading /usr/share/mecab/dic/ipadic/unk.def ... 40
emitting double-array: 100% |###########################################|
/usr/share/mecab/dic/ipadic/model.def is not found. skipped.
reading /usr/share/mecab/dic/ipadic/Postp-col.csv ... 91
reading /usr/share/mecab/dic/ipadic/Auxil.csv ... 199
reading /usr/share/mecab/dic/ipadic/Noun.demonst.csv ... 120
reading /usr/share/mecab/dic/ipadic/Noun.verbal.csv ... 12146
reading /usr/share/mecab/dic/ipadic/Noun.place.csv ... 72999
reading /usr/share/mecab/dic/ipadic/Noun.nai.csv ... 42
reading /usr/share/mecab/dic/ipadic/Noun.others.csv ... 151
reading /usr/share/mecab/dic/ipadic/Postp.csv ... 146
reading /usr/share/mecab/dic/ipadic/Adj.csv ... 27210
reading /usr/share/mecab/dic/ipadic/Filler.csv ... 19
reading /usr/share/mecab/dic/ipadic/Interjection.csv ... 252
reading /usr/share/mecab/dic/ipadic/Noun.adjv.csv ... 3328
reading /usr/share/mecab/dic/ipadic/Verb.csv ... 130750
reading /usr/share/mecab/dic/ipadic/Symbol.csv ... 208
reading /usr/share/mecab/dic/ipadic/Adnominal.csv ... 135
reading /usr/share/mecab/dic/ipadic/Noun.org.csv ... 16668
reading /usr/share/mecab/dic/ipadic/Noun.csv ... 60477
reading /usr/share/mecab/dic/ipadic/Suffix.csv ... 1393
reading /usr/share/mecab/dic/ipadic/Noun.proper.csv ... 27328
reading /usr/share/mecab/dic/ipadic/Noun.name.csv ... 34202
reading /usr/share/mecab/dic/ipadic/Conjunction.csv ... 171
reading /usr/share/mecab/dic/ipadic/Noun.number.csv ... 42
reading /usr/share/mecab/dic/ipadic/Adverb.csv ... 3032
reading /usr/share/mecab/dic/ipadic/Prefix.csv ... 221
reading /usr/share/mecab/dic/ipadic/Noun.adverbal.csv ... 795
reading /usr/share/mecab/dic/ipadic/Others.csv ... 2
emitting double-array: 100% |###########################################|
reading /usr/share/mecab/dic/ipadic/matrix.def ... 1316x1316
emitting matrix          : 100% |###########################################|


done!
update-alternatives: используется /var/lib/mecab/dic/ipadic для предоставления /var/lib/mecab/dic/debian (mecab-d
ictionary) в автоматическом режиме
Настраивается пакет libcgi-fast-perl (1:2.15-1) …
Настраивается пакет mysql-server-core-8.0 (8.0.36-0ubuntu0.22.04.1) …
Настраивается пакет mecab-ipadic-utf8 (2.7.0-20070801+main-3) …
Compiling IPA dictionary for Mecab.  This takes long time...
reading /usr/share/mecab/dic/ipadic/unk.def ... 40
emitting double-array: 100% |###########################################|
/usr/share/mecab/dic/ipadic/model.def is not found. skipped.
reading /usr/share/mecab/dic/ipadic/Postp-col.csv ... 91
reading /usr/share/mecab/dic/ipadic/Auxil.csv ... 199
reading /usr/share/mecab/dic/ipadic/Noun.demonst.csv ... 120
reading /usr/share/mecab/dic/ipadic/Noun.verbal.csv ... 12146
reading /usr/share/mecab/dic/ipadic/Noun.place.csv ... 72999
reading /usr/share/mecab/dic/ipadic/Noun.nai.csv ... 42
reading /usr/share/mecab/dic/ipadic/Noun.others.csv ... 151
reading /usr/share/mecab/dic/ipadic/Postp.csv ... 146
reading /usr/share/mecab/dic/ipadic/Adj.csv ... 27210
reading /usr/share/mecab/dic/ipadic/Filler.csv ... 19
reading /usr/share/mecab/dic/ipadic/Interjection.csv ... 252
reading /usr/share/mecab/dic/ipadic/Noun.adjv.csv ... 3328
reading /usr/share/mecab/dic/ipadic/Verb.csv ... 130750
reading /usr/share/mecab/dic/ipadic/Symbol.csv ... 208
reading /usr/share/mecab/dic/ipadic/Adnominal.csv ... 135
reading /usr/share/mecab/dic/ipadic/Noun.org.csv ... 16668
reading /usr/share/mecab/dic/ipadic/Noun.csv ... 60477
reading /usr/share/mecab/dic/ipadic/Suffix.csv ... 1393
reading /usr/share/mecab/dic/ipadic/Noun.proper.csv ... 27328
reading /usr/share/mecab/dic/ipadic/Noun.name.csv ... 34202
reading /usr/share/mecab/dic/ipadic/Conjunction.csv ... 171
reading /usr/share/mecab/dic/ipadic/Noun.number.csv ... 42
reading /usr/share/mecab/dic/ipadic/Adverb.csv ... 3032
reading /usr/share/mecab/dic/ipadic/Prefix.csv ... 221
reading /usr/share/mecab/dic/ipadic/Noun.adverbal.csv ... 795
reading /usr/share/mecab/dic/ipadic/Others.csv ... 2
emitting double-array: 100% |###########################################|
reading /usr/share/mecab/dic/ipadic/matrix.def ... 1316x1316
emitting matrix          : 100% |###########################################|


done!
update-alternatives: используется /var/lib/mecab/dic/ipadic-utf8 для предоставления /var/lib/mecab/dic/debian (me
cab-dictionary) в автоматическом режиме
Настраивается пакет mysql-server-8.0 (8.0.36-0ubuntu0.22.04.1) …
update-alternatives: используется /etc/mysql/mysql.cnf для предоставления /etc/mysql/my.cnf (my.cnf) в автоматиче
ском режиме
Renaming removed key_buffer and myisam-recover options (if present)
mysqld will log errors to /var/log/mysql/error.log
mysqld is running as pid 7433
Created symlink /etc/systemd/system/multi-user.target.wants/mysql.service → /lib/systemd/system/mysql.service.
Настраивается пакет mysql-server (8.0.36-0ubuntu0.22.04.1) …
Обрабатываются триггеры для man-db (2.10.2-1) …
Обрабатываются триггеры для libc-bin (2.35-0ubuntu3.6) …


zz@zzz-VirtualBox:~$ sudo apt-get download htop
Пол:1 http://ru.archive.ubuntu.com/ubuntu jammy/main amd64 htop amd64 3.0.5-7build2 [128 kB]
Получено 128 kB за 0с (1 001 kB/s)
W: Загрузка выполняется от лица суперпользователя без ограничений песочницы, так как файл «/home/zzz/htop_3.0.5-7build2_amd64.deb» недоступен для пользователя «_apt». - pkgAcquire::Run (13: Отказано в доступе)
zzz@zzz-VirtualBox:~$ sudo dpkg -i htop*.deb
Выбор ранее не выбранного пакета htop.
(Чтение базы данных … на данный момент установлено 205303 файла и каталога.)
Подготовка к распаковке htop_3.0.5-7build2_amd64.deb …
Распаковывается htop (3.0.5-7build2) …
Настраивается пакет htop (3.0.5-7build2) …
Обрабатываются триггеры для mailcap (3.70+nmu1ubuntu1) …
Обрабатываются триггеры для gnome-menus (3.36.0-1ubuntu3) …
Обрабатываются триггеры для desktop-file-utils (0.26-1ubuntu3) …
Обрабатываются триггеры для hicolor-icon-theme (0.17-2) …
Обрабатываются триггеры для man-db (2.10.2-1) …
zzz@zzz-VirtualBox:~$ sudo dpkg -r htop
(Чтение базы данных … на данный момент установлено 205313 файлов и каталогов.)
Удаляется htop (3.0.5-7build2) …
Обрабатываются триггеры для man-db (2.10.2-1) …
Обрабатываются триггеры для hicolor-icon-theme (0.17-2) …
Обрабатываются триггеры для mailcap (3.70+nmu1ubuntu1) …
Обрабатываются триггеры для gnome-menus (3.36.0-1ubuntu3) …
Обрабатываются триггеры для desktop-file-utils (0.26-1ubuntu3) …




п.7-8
mysql> CREATE DATABASE FRIENDS_MAN;
Query OK, 1 row affected (0,00 sec)


mysql> show databases;
+--------------------+
| Database               |
+--------------------+
| FRIENDS_MAN            |
| information_schema |
| mysql                  |
| performance_schema |
| sys                    |
+--------------------+
5 rows in set (0,07 sec)
mysql> CREATE TABLE animals(animal_id INT AUTO_INCREMENT PRIMARY KEY, name VARCHAR(255) NOT
 NULL, birthdate DATE NOT NULL);
Query OK, 0 rows affected (0,02 sec)




mysql> CREATE TABLE home_animals(home_animal_id INT AUTO_INCREMENT PRIMARY KEY, ower VARCHAR(255) NOT NULL, animal_id INT, FOREIGN KEY (animal_id) REFERENCES animals(animal_id));
Query OK, 0 rows affected (0,02 sec)


mysql> CREATE TABLE pack_animals(pack_animal_id INT AUTO_INCREMENT PRIMARY KEY, type_of_work VARCHAR(255) NOT NULL, animal_id INT, FOREIGN KEY (animal_id) REFERENCES animals(animal_id));
Query OK, 0 rows affected (0,03 sec)


mysql> CREATE TABLE cats(cats_id INT AUTO_INCREMENT PRIMARY KEY, home_animal_id INT, FOREIGN KEY (home_animal_id) REFERENCES home_animals(home_animal_id));
Query OK, 0 rows affected (0,02 sec)


mysql> CREATE TABLE dogs(dogs_id INT AUTO_INCREMENT PRIMARY KEY, home_animal_id INT, FOREIG
N KEY (home_animal_id) REFERENCES home_animals(home_animal_id));
Query OK, 0 rows affected (0,02 sec)


mysql> CREATE TABLE hamsters(hamsters_id INT AUTO_INCREMENT PRIMARY KEY, home_animal_id INT
, FOREIGN KEY (home_animal_id) REFERENCES home_animals(home_animal_id));
Query OK, 0 rows affected (0,02 sec)


mysql> CREATE TABLE horses(horses_id INT AUTO_INCREMENT PRIMARY KEY, pack_animal_id INT, FOREIGN KEY (pack_animal_id) REFERENCES pack_animals(pack_animal_id));
Query OK, 0 rows affected (0,02 sec)


mysql> CREATE TABLE camels(camels_id INT AUTO_INCREMENT PRIMARY KEY, pack_animal_id INT, FO
REIGN KEY (pack_animal_id) REFERENCES pack_animals(pack_animal_id));
Query OK, 0 rows affected (0,03 sec)


mysql> CREATE TABLE donkeys(donkeys_id INT AUTO_INCREMENT PRIMARY KEY, pack_animal_id INT,
FOREIGN KEY (pack_animal_id) REFERENCES pack_animals(pack_animal_id));
Query OK, 0 rows affected (0,02 sec)


mysql> show tables;
+-----------------------+
| Tables_in_FRIENDS_MAN |
+-----------------------+
| animals                   |
| camels                    |
| cats                      |
| dogs                      |
| donkeys                   |
| hamsters                  |
| home_animals              |
| horses                    |
| pack_animals              |
+-----------------------+
9 rows in set (0,00 sec)
mysql> CREATE TABLE commands(commands_id INT AUTO_INCREMENT PRIMARY KEY, command_name varchar(255) not null);
Query OK, 0 rows affected (0,02 sec)




mysql> alter table cats add column commands_id INT, add foreign key (commands_id) references commands(commands_id);
Query OK, 0 rows affected (0,05 sec)
Records: 0  Duplicates: 0  Warnings: 0


mysql> alter table dogs add column commands_id INT, add foreign key (commands_id) references commands(commands_id);
Query OK, 0 rows affected (0,06 sec)
Records: 0  Duplicates: 0  Warnings: 0


mysql> alter table hamsters add column commands_id INT, add foreign key (commands_id) references commands(commands_id);
Query OK, 0 rows affected (0,04 sec)
Records: 0  Duplicates: 0  Warnings: 0


mysql> alter table horses add column commands_id INT, add foreign key (commands_id) references commands(commands_id);
Query OK, 0 rows affected (0,06 sec)
Records: 0  Duplicates: 0  Warnings: 0


mysql> alter table camels add column commands_id INT, add foreign key (commands_id) references commands(commands_id);
Query OK, 0 rows affected (0,04 sec)
Records: 0  Duplicates: 0  Warnings: 0


mysql> alter table donkeys add column commands_id INT, add foreign key (commands_id) references commands(commands_id);
Query OK, 0 rows affected (0,05 sec)
Records: 0  Duplicates: 0  Warnings: 0
mysql> show tables;
+-----------------------+
| Tables_in_FRIENDS_MAN |
+-----------------------+
| animals                   |
| camels                    |
| cats                      |
| commands                  |
| dogs                      |
| donkeys                   |
| hamsters                  |
| home_animals              |
| horses                    |
| pack_animals              |
+-----------------------+
10 rows in set (0,00 sec)


п.9


mysql> INSERT INTO commands (command_name) VALUES
        ->         ('Вперед'),
        ->         ('Стоять'),
        ->         ('Лежать'),
        ->         ('Голос'),
        ->         ('Прыжок'),
        ->         ('Бегать'),
        ->         ('Апорт'),
        ->         ('Сидеть'),
        ->         ('Направо'),
        ->         ('Налево'),
        ->         ('Топтать'),
        ->         ('Жевать'),
        ->         ('Спать');
Query OK, 13 rows affected (0,01 sec)
Records: 13  Duplicates: 0  Warnings: 0


mysql> select * from commands;
+-------------+----------------+
| commands_id | command_name   |
+-------------+----------------+
|               1 | Вперед             |
|               2 | Стоять             |
|               3 | Лежать             |
|               4 | Голос              |
|               5 | Прыжок             |
|               6 | Бегать             |
|               7 | Апорт              |
|               8 | Сидеть             |
|               9 | Направо            |
|              10 | Налево             |
|              11 | Топтать            |
|              12 | Жевать             |
|              13 | Спать              |
+-------------+----------------+
13 rows in set (0,00 sec)


mysql> INSERT INTO animals (name, birthdate) VALUES
        ->         ('Мурзик', '2024-01-01'),
        ->         ('Хома', '2023-08-02'),
        ->         ('Пегас', '2022-10-10'),
        ->         ('Ослик', '2022-02-07'),
        ->         ('Рекс', '2021-09-08'),
        ->         ('Шайтан', '2022-09-12'),
        ->         ('Пупс', '2023-01-12'),
        ->         ('Милан', '2020-05-15'),
        ->         ('Топчик', '2022-07-21');
Query OK, 9 rows affected (0,01 sec)
Records: 9  Duplicates: 0  Warnings: 0


mysql> select * from animals;
+-----------+--------------+------------+
| animal_id | name             | birthdate  |
+-----------+--------------+------------+
|             1 | Мурзик           | 2024-01-01 |
|             2 | Хома             | 2023-08-02 |
|             3 | Пегас            | 2022-10-10 |
|             4 | Ослик            | 2022-02-07 |
|             5 | Рекс             | 2021-09-08 |
|             6 | Шайтан           | 2022-09-12 |
|             7 | Пупс             | 2023-01-12 |
|             8 | Милан            | 2020-05-15 |
|             9 | Топчик           | 2022-07-21 |
+-----------+--------------+------------+
9 rows in set (0,00 sec)


mysql> INSERT INTO home_animals (animal_id, ower)
        -> VALUES
        ->         (1, 'Женя'),
        ->         (2, 'Таня'),
        ->         (5, 'Иван'),
        ->         (7, 'Дима'),
        ->         (9, 'Полина');
Query OK, 5 rows affected (0,01 sec)
Records: 5  Duplicates: 0  Warnings: 0


mysql> INSERT INTO pack_animals (animal_id, type_of_work)
        -> VALUES
        ->         (3, 'Езда'),
        ->         (4, 'Перевозки'),
        ->         (6, 'Перевозки'),
        ->         (8, 'Перевозки');
Query OK, 4 rows affected (0,01 sec)
Records: 4  Duplicates: 0  Warnings: 0


mysql> select * from  home_animals;
+----------------+--------------+-----------+
| home_animal_id | ower             | animal_id |
+----------------+--------------+-----------+
|                  1 | Женя             |             1 |
|                  2 | Таня             |             2 |
|                  3 | Иван             |             5 |
|                  4 | Дима             |             7 |
|                  5 | Полина           |             9 |
+----------------+--------------+-----------+
5 rows in set (0,00 sec)


mysql> INSERT INTO cats (home_animal_id, commands_id)
        -> VALUES
        ->         (1, 5),
        ->         (5, 11);
Query OK, 2 rows affected (0,01 sec)
Records: 2  Duplicates: 0  Warnings: 0


mysql> INSERT INTO dogs (home_animal_id, commands_id)
        -> VALUES
        ->         (3, 7),
        ->         (3, 8);
Query OK, 2 rows affected (0,01 sec)
Records: 2  Duplicates: 0  Warnings: 0


mysql> INSERT INTO hamsters (home_animal_id, commands_id) VALUES         (2, 12), (2,6), (4, 13);
Query OK, 3 rows affected (0,00 sec)
Records: 3  Duplicates: 0  Warnings: 0
mysql> select * from pack_animals;
+----------------+--------------------+-----------+
| pack_animal_id | type_of_work           | animal_id |
+----------------+--------------------+-----------+
|                  1 | Езда                   |             3 |
|                  2 | Перевозки              |             4 |
|                  3 | Перевозки              |             6 |
|                  4 | Перевозки              |             8 |
+----------------+--------------------+-----------+
4 rows in set (0,00 sec)


mysql> INSERT INTO horses (pack_animal_id, commands_id) VALUES(3, 1),(3,2),(3,9),(3,10);
Query OK, 4 rows affected (0,01 sec)
Records: 4  Duplicates: 0  Warnings: 0


mysql> INSERT INTO horses (pack_animal_id, commands_id) VALUES(1, 1),(1,2),(1,9),(1,10);
Query OK, 4 rows affected (0,00 sec)
Records: 4  Duplicates: 0  Warnings: 0


mysql> INSERT INTO camels (pack_animal_id, commands_id) VALUES(4, 1),(4,2),(4,3);
Query OK, 3 rows affected (0,01 sec)
Records: 3  Duplicates: 0  Warnings: 0


mysql> INSERT INTO donkeys (pack_animal_id, commands_id) VALUES(2, 1),(2,2),(2,6);
Query OK, 3 rows affected (0,00 sec)
Records: 3  Duplicates: 0  Warnings: 0


п.10


mysql> CREATE TABLE horses_donkeys(
        ->         horses_donkeys_id INT AUTO_INCREMENT PRIMARY KEY,
        ->         pack_animal_id INT,
        ->         commands_id INT,
        ->         FOREIGN KEY (pack_animal_id) REFERENCES pack_animals(pack_animal_id),
        ->         FOREIGN KEY (commands_id) REFERENCES commands(commands_id)
        -> );
Query OK, 0 rows affected (0,03 sec)


mysql> INSERT INTO horses_donkeys (pack_animal_id, commands_id)
        -> SELECT h.pack_animal_id, h.commands_id
        -> FROM horses h;
Query OK, 8 rows affected (0,01 sec)
Records: 8  Duplicates: 0  Warnings: 0


mysql> select * from horses_donkeys;
+-------------------+----------------+-------------+
| horses_donkeys_id | pack_animal_id | commands_id |
+-------------------+----------------+-------------+
|                     1 |                  3 |               1 |
|                     2 |                  3 |               2 |
|                     3 |                  3 |               9 |
|                     4 |                  3 |              10 |
|                     5 |                  1 |               1 |
|                     6 |                  1 |               2 |
|                     7 |                  1 |               9 |
|                     8 |                  1 |              10 |
+-------------------+----------------+-------------+
8 rows in set (0,00 sec)


mysql> select * from horses;
+-----------+----------------+-------------+
| horses_id | pack_animal_id | commands_id |
+-----------+----------------+-------------+
|             1 |                  3 |               1 |
|             2 |                  3 |               2 |
|             3 |                  3 |               9 |
|             4 |                  3 |              10 |
|             5 |                  1 |               1 |
|             6 |                  1 |               2 |
|             7 |                  1 |               9 |
|             8 |                  1 |              10 |
+-----------+----------------+-------------+
8 rows in set (0,00 sec)


mysql> INSERT INTO horses_donkeys (pack_animal_id, commands_id) SELECT d.pack_animal_id, d.commands_id FROM donkeys d;
Query OK, 3 rows affected (0,01 sec)
Records: 3  Duplicates: 0  Warnings: 0


mysql> select * from donkeys;
+------------+----------------+-------------+
| donkeys_id | pack_animal_id | commands_id |
+------------+----------------+-------------+
|              1 |                  2 |               1 |
|              2 |                  2 |               2 |
|              3 |                  2 |               6 |
+------------+----------------+-------------+
3 rows in set (0,00 sec)


mysql> select * from horses_donkeys;
+-------------------+----------------+-------------+
| horses_donkeys_id | pack_animal_id | commands_id |
+-------------------+----------------+-------------+
|                     1 |                  3 |               1 |
|                     2 |                  3 |               2 |
|                     3 |                  3 |               9 |
|                     4 |                  3 |              10 |
|                     5 |                  1 |               1 |
|                     6 |                  1 |               2 |
|                     7 |                  1 |               9 |
|                     8 |                  1 |              10 |
|                    16 |                  2 |               1 |
|                    17 |                  2 |               2 |
|                    18 |                  2 |               6 |
+-------------------+----------------+-------------+
11 rows in set (0,00 sec)




mysql> DROP TABLE horses;
Query OK, 0 rows affected (0,02 sec)


mysql> DROP TABLE donkeys;
Query OK, 0 rows affected (0,01 sec)


mysql> show tables;
+-----------------------+
| Tables_in_FRIENDS_MAN |
+-----------------------+
| animals                   |
| camels                    |
| cats                      |
| commands                  |
| dogs                      |
| hamsters                  |
| home_animals              |
| horses_donkeys            |
| pack_animals              |
+-----------------------+
9 rows in set (0,01 sec)




mysql> select * from camels;
+-----------+----------------+-------------+
| camels_id | pack_animal_id | commands_id |
+-----------+----------------+-------------+
|             7 |                  4 |               1 |
|             8 |                  4 |               2 |
|             9 |                  4 |               3 |
+-----------+----------------+-------------+
3 rows in set (0,00 sec)


mysql> delete from camels;
Query OK, 3 rows affected (0,00 sec)


mysql> select * from camels;
Empty set (0,00 sec)


п.11
mysql> CREATE TABLE young_animals (         young_animal_id INT auto_increment PRIMARY KEY,   
 age_months INT, animal_id INT,         FOREIGN KEY (animal_id) REFERENCES animals(animal_id) );
Query OK, 0 rows affected (0,02 sec)




mysql> select * from animals;
+-----------+--------------+------------+
| animal_id | name             | birthdate  |
+-----------+--------------+------------+
|             1 | Мурзик           | 2024-01-01 |
|             2 | Хома             | 2023-08-02 |
|             3 | Пегас            | 2022-10-10 |
|             4 | Ослик            | 2022-02-07 |
|             5 | Рекс             | 2021-09-08 |
|             6 | Шайтан           | 2022-09-12 |
|             7 | Пупс             | 2023-01-12 |
|             8 | Милан            | 2020-05-15 |
|             9 | Топчик           | 2022-07-21 |
+-----------+--------------+------------+
9 rows in set (0,00 sec)


mysql> INSERT INTO young_animals (animal_id, age_months)
        -> SELECT a.animal_id,
        ->            TIMESTAMPDIFF(MONTH, a.birthdate, CURDATE()) AS age_months
        -> FROM animals a
        -> WHERE DATEDIFF(CURDATE(), a.birthdate) > 365
        -> AND DATEDIFF(CURDATE(), a.birthdate) <= 365 * 3;
Query OK, 6 rows affected (0,01 sec)
Records: 6  Duplicates: 0  Warnings: 0


mysql> select * from young_animals;
+-----------------+------------+-----------+
| young_animal_id | age_months | animal_id |
+-----------------+------------+-----------+
|                   7 |             18 |             3 |
|                   8 |             26 |             4 |
|                   9 |             31 |             5 |
|                          10 |             19 |             6 |
|                          11 |             15 |             7 |
|                          12 |             20 |             9 |
+-----------------+------------+-----------+
6 rows in set (0,00 sec)


п.12




mysql> show tables;
+-----------------------+
| Tables_in_FRIENDS_MAN |
+-----------------------+
| animals                   |
| camels                    |
| cats                      |
| commands                  |
| dogs                      |
| hamsters                  |
| home_animals              |
| horses_donkeys            |
| pack_animals              |
| young_animals             |
+-----------------------+
10 rows in set (0,00 sec)






mysql> desc animals;
+-----------+--------------+------+-----+---------+----------------+
| Field         | Type             | Null | Key | Default | Extra              |
+-----------+--------------+------+-----+---------+----------------+
| animal_id | int              | NO   | PRI | NULL        | auto_increment |
| name          | varchar(255) | NO   |         | NULL        |                    |
| birthdate | date             | NO   |         | NULL        |                    |
+-----------+--------------+------+-----+---------+----------------+
3 rows in set (0,01 sec)


mysql> desc home_animals;
+----------------+--------------+------+-----+---------+----------------+
| Field              | Type             | Null | Key | Default | Extra              |
+----------------+--------------+------+-----+---------+----------------+
| home_animal_id | int              | NO   | PRI | NULL        | auto_increment |
| ower               | varchar(255) | NO   |         | NULL        |                    |
| animal_id          | int              | YES  | MUL | NULL        |                    |
+----------------+--------------+------+-----+---------+----------------+
3 rows in set (0,00 sec)






mysql> desc pack_animals;
+----------------+--------------+------+-----+---------+----------------+
| Field              | Type             | Null | Key | Default | Extra              |
+----------------+--------------+------+-----+---------+----------------+
| pack_animal_id | int              | NO   | PRI | NULL        | auto_increment |
| type_of_work   | varchar(255) | NO   |         | NULL        |                    |
| animal_id          | int              | YES  | MUL | NULL        |                    |
+----------------+--------------+------+-----+---------+----------------+
3 rows in set (0,01 sec)


mysql> desc cats;
+----------------+------+------+-----+---------+----------------+
| Field              | Type | Null | Key | Default | Extra              |
+----------------+------+------+-----+---------+----------------+
| cats_id            | int  | NO   | PRI | NULL        | auto_increment |
| home_animal_id | int  | YES  | MUL | NULL        |                    |
| commands_id        | int  | YES  | MUL | NULL        |                    |
+----------------+------+------+-----+---------+----------------+
3 rows in set (0,00 sec)
mysql> desc dogs;
+----------------+------+------+-----+---------+----------------+
| Field              | Type | Null | Key | Default | Extra              |
+----------------+------+------+-----+---------+----------------+
| dogs_id            | int  | NO   | PRI | NULL        | auto_increment |
| home_animal_id | int  | YES  | MUL | NULL        |                    |
| commands_id        | int  | YES  | MUL | NULL        |                    |
+----------------+------+------+-----+---------+----------------+
3 rows in set (0,00 sec)


mysql> desc hamsters;
+----------------+------+------+-----+---------+----------------+
| Field              | Type | Null | Key | Default | Extra              |
+----------------+------+------+-----+---------+----------------+
| hamsters_id        | int  | NO   | PRI | NULL        | auto_increment |
| home_animal_id | int  | YES  | MUL | NULL        |                    |
| commands_id        | int  | YES  | MUL | NULL        |                    |
+----------------+------+------+-----+---------+----------------+
3 rows in set (0,00 sec)


mysql> desc horses_donkeys;
+-------------------+------+------+-----+---------+----------------+
| Field                 | Type | Null | Key | Default | Extra              |
+-------------------+------+------+-----+---------+----------------+
| horses_donkeys_id | int  | NO   | PRI | NULL        | auto_increment |
| pack_animal_id        | int  | YES  | MUL | NULL        |                    |
| commands_id           | int  | YES  | MUL | NULL        |                    |
+-------------------+------+------+-----+---------+----------------+
3 rows in set (0,00 sec)


mysql> desc young_animals;
+-----------------+------+------+-----+---------+----------------+
| Field               | Type | Null | Key | Default | Extra              |
+-----------------+------+------+-----+---------+----------------+
| young_animal_id | int  | NO   | PRI | NULL        | auto_increment |
| age_months          | int  | YES  |         | NULL        |                    |
| animal_id           | int  | YES  | MUL | NULL        |                    |
+-----------------+------+------+-----+---------+----------------+
3 rows in set (0,00 sec)




mysql> desc commands;
+--------------+--------------+------+-----+---------+----------------+
| Field            | Type             | Null | Key | Default | Extra              |
+--------------+--------------+------+-----+---------+----------------+
| commands_id  | int              | NO   | PRI | NULL        | auto_increment |
| command_name | varchar(255) | NO   |         | NULL        |                    |
+--------------+--------------+------+-----+---------+----------------+
2 rows in set (0,00 sec)


mysql> CREATE TABLE all_tables (all_tablel_id INT AUTO_INCREMENT PRIMARY KEY,animal_id INT, name VARCHAR(255), birthdate DATE, home_animal_id INT, ower VARCHAR(255), pack_animal_id INT, type_of_work VARCHAR(255), cats_id INT, dogs_id INT, hamster_id INT, horses_donkeys_id INT, commands_id INT, command_name VARCHAR(255), young_animal_id INT, age_months INT);
mysql> INSERT INTO all_tables (animal_id, name, birthdate)
        -> SELECT animal_id, name, birthdate FROM animals;
Query OK, 9 rows affected (0,00 sec)
Records: 9  Duplicates: 0  Warnings: 0


mysql> UPDATE all_tables at
        -> INNER JOIN home_animals ha ON at.animal_id = ha.animal_id
        -> SET at.ower = ha.ower;
Query OK, 5 rows affected (0,00 sec)
Rows matched: 5  Changed: 5  Warnings: 0
mysql> UPDATE all_tables at
        -> INNER JOIN home_animals ha ON at.animal_id = ha.animal_id
        -> SET at.home_animal_id = ha.home_animal_id;
Query OK, 5 rows affected (0,00 sec)
Rows matched: 5  Changed: 5  Warnings: 0
Query OK, 0 rows affected (0,02 sec)


mysql> UPDATE all_tables at
        -> INNER JOIN cats c ON at.home_animal_id = c.home_animal_id
        -> SET at.commands_id = c.commands_id, at.cats_id = c.cats_id;
Query OK, 2 rows affected (0,00 sec)
Rows matched: 2  Changed: 2  Warnings: 0


mysql> UPDATE all_tables at INNER JOIN dogs c ON at.home_animal_id = c.home_animal_id SET at.commands_id = c.commands_id, at.dogs_id = c.dogs_id;
Query OK, 1 row affected (0,00 sec)
Rows matched: 1  Changed: 1  Warnings: 0


mysql> UPDATE all_tables at INNER JOIN hamsters c ON at.home_animal_id = c.home_animal_id SET at.commands_id = c.commands_id, at.hamster_id = c.hamsters_id;
Query OK, 2 rows affected (0,00 sec)
Rows matched: 2  Changed: 2  Warnings: 0


mysql> UPDATE all_tables at INNER JOIN pack_animals pa ON at.animal_id = pa.animal_id SET at.type_of_work = pa.type_of_work, at.pack_animal_id = pa.pack_animal_id;
Query OK, 4 rows affected (0,00 sec)
Rows matched: 4  Changed: 4  Warnings: 0


mysql> UPDATE all_tables at INNER JOIN horses_donkeys c ON at.pack_animal_id = c.pack_animal_id SET at.commands_id = c.commands_id, at.horses_donkeys_id = c.horses_donkeys_id;
Query OK, 3 rows affected (0,01 sec)
Rows matched: 3  Changed: 3  Warnings: 0


mysql> UPDATE all_tables at INNER JOIN young_animals ya ON at.animal_id = ya.animal_id SET at.young_animal_id = ya.young_animal_id, at.age_months = ya.age_months;
Query OK, 6 rows affected (0,01 sec)
Rows matched: 6  Changed: 6  Warnings: 0


mysql> UPDATE all_tables at INNER JOIN commands cm ON at.commands_id = cm.commands_id SET at.command_name = cm.command_name;
Query OK, 8 rows affected (0,00 sec)
Rows matched: 8  Changed: 8  Warnings: 0


mysql> select * from all_tables;
+---------------+-----------+--------------+------------+----------------+--------------+----------------+--------------------+---------+---------+------------+-------------------+-------------+----------------+-----------------+------------+
| all_tablel_id | animal_id | name             | birthdate  | home_animal_id | ower             | pack_animal_id | type_of_work           | cats_id | dogs_id | hamster_id | horses_donkeys_id | commands_id | command_name   | young_animal_id | age_months |
+---------------+-----------+--------------+------------+----------------+--------------+----------------+--------------------+---------+---------+------------+-------------------+-------------+----------------+-----------------+------------+
|                 1 |             1 | Мурзик           | 2024-01-01 |                  1 | Женя             |               NULL | NULL                   |           1 |        NULL |           NULL |                  NULL |               5 | Прыжок             |                NULL |           NULL |
|                 2 |             2 | Хома             | 2023-08-02 |                  2 | Таня             |               NULL | NULL                   |        NULL |        NULL |              1 |                  NULL |              12 | Жевать             |                NULL |           NULL |
|                 3 |             3 | Пегас            | 2022-10-10 |               NULL | NULL             |                  1 | Езда                   |        NULL |        NULL |           NULL |                     5 |               1 | Вперед             |                   7 |             18 |
|                 4 |             4 | Ослик            | 2022-02-07 |               NULL | NULL             |                  2 | Перевозки              |        NULL |        NULL |           NULL |                    16 |               1 | Вперед             |                   8 |             26 |
|                 5 |             5 | Рекс             | 2021-09-08 |                  3 | Иван             |               NULL | NULL                   |        NULL |           1 |           NULL |                  NULL |               7 | Апорт              |                   9 |             31 |
|                 6 |             6 | Шайтан           | 2022-09-12 |               NULL | NULL             |                  3 | Перевозки              |        NULL |        NULL |           NULL |                     1 |               1 | Вперед             |                  10 |             19 |
|                 7 |             7 | Пупс             | 2023-01-12 |                  4 | Дима             |               NULL | NULL                   |        NULL |        NULL |              3 |                  NULL |              13 | Спать              |                  11 |             15 |
|                 8 |             8 | Милан            | 2020-05-15 |               NULL | NULL             |                  4 | Перевозки              |        NULL |        NULL |           NULL |                  NULL |            NULL | NULL               |                NULL |           NULL |
|                 9 |             9 | Топчик           | 2022-07-21 |                  5 | Полина           |               NULL | NULL                   |           2 |        NULL |           NULL |                  NULL |              11 | Топтать            |                  12 |             20 |
+---------------+-----------+--------------+------------+----------------+--------------+----------------+--------------------+---------+---------+------------+-------------------+-------------+----------------+-----------------+------------+9 rows in set (0,00 sec)